x,y,z,x_c,y_c,z_c,altG,lonG,latG,dop,hdop,altP
-1671,-788,-85,-1552,-777,-307,0,0,0,0,0,279381,
-1473,-774,-413,-1553,-777,-306,0,0,0,0,0,279894,
-1468,-776,-420,-1553,-777,-305,0,0,0,0,0,280921,
-1669,-774,-91,-1554,-777,-304,0,0,0,0,0,280921,
-1471,-779,-416,-1554,-777,-304,0,0,0,0,0,281434,
-1672,-794,-84,-1554,-777,-303,0,0,0,0,0,281690,
-1472,-777,-418,-1555,-777,-302,0,0,0,0,0,281434,
-1464,-782,-431,-1555,-777,-301,0,0,0,0,0,280921,
-1466,-791,-422,-1556,-778,-300,0,0,0,0,0,281434,
-1470,-779,-421,-1556,-777,-300,0,0,0,0,0,280664,
-1473,-771,-423,-1556,-778,-300,0,0,0,0,0,281434,
-1471,-782,-417,-1556,-778,-299,0,0,0,0,0,280664,
-1670,-779,-93,-1556,-778,-299,0,0,0,0,0,281434,
-1473,-771,-420,-1556,-778,-299,0,0,0,0,0,281690,
-1669,-782,-92,-1556,-778,-298,0,0,0,0,0,281434,
-1471,-782,-415,-1556,-778,-298,0,0,0,0,0,280921,
-1685,-855,-67,-1579,-798,-270,0,0,0,0,0,281690,
-1698,-884,-53,-1460,-876,-438,0,0,0,0,0,281177,
-1315,-930,-571,-1102,-1056,-831,0,0,0,0,0,281177,
-791,-960,-1154,-562,-997,-1346,0,0,0,0,0,281690,
-180,-637,-1555,-260,-632,-1581,0,0,0,0,0,281177,
-8,-201,-1654,-107,-329,-1650,0,0,0,0,0,281177,
118,-303,-1350,38,-205,-1643,0,0,0,0,0,281177,
50,-124,-1320,15,-65,-1591,0,0,0,0,0,281861,
-94,-29,-1132,-10,58,-1563,0,0,0,0,0,281434,
401,-49,-1290,90,65,-1538,0,0,0,0,0,281434,
39,-82,-976,75,100,-1521,0,0,0,0,0,281434,
63,80,-1313,74,79,-1630,0,0,0,0,0,281177,
139,-511,-863,64,61,-1697,0,0,0,0,0,280664,
85,-107,-1443,66,-19,-1688,0,0,0,0,0,281434,
43,-160,-1324,60,-44,-1657,0,0,0,0,0,281177,
40,-142,-1400,41,-75,-1639,0,0,0,0,0,281861,
7,-165,-1318,36,-57,-1618,0,0,0,0,0,281690,
39,-159,-1333,39,-71,-1603,0,0,0,0,0,281434,
37,-100,-1442,37,-74,-1596,0,0,0,0,0,282204,
40,-144,-1378,37,-77,-1584,0,0,0,0,0,282460,
49,-175,-1332,36,-84,-1570,0,0,0,0,0,282204,
54,-73,-1464,38,-65,-1562,0,0,0,0,0,281690,
45,-86,-1346,40,-21,-1540,0,0,0,0,0,282460,
39,0,-1372,9,33,-1513,0,0,0,0,0,282460,
31,81,-1385,14,78,-1474,0,0,0,0,0,281861,
-107,-12,-1257,-1,30,-1469,0,0,0,0,0,281861,
87,-181,-1109,19,45,-1432,0,0,0,0,0,282460,
39,-71,-1251,49,6,-1437,0,0,0,0,0,282460,
48,36,-1377,47,28,-1438,0,0,0,0,0,282717,
85,-19,-1268,64,45,-1430,0,0,0,0,0,282460,
-23,30,-1376,43,16,-1433,0,0,0,0,0,282460,
105,-22,-1359,40,2,-1434,0,0,0,0,0,282974,
36,-52,-1305,38,-8,-1422,0,0,0,0,0,282974,
35,-31,-1369,19,-19,-1413,0,0,0,0,0,283487,
11,-38,-1317,25,-8,-1401,0,0,0,0,0,282974,
15,-27,-1319,23,-8,-1388,0,0,0,0,0,283231,
27,-23,-1333,22,-12,-1382,0,0,0,0,0,283231,
-4,-40,-1308,14,-19,-1373,0,0,0,0,0,282717,
23,-31,-1342,12,-19,-1374,0,0,0,0,0,283744,
11,-3,-1360,29,-13,-1369,0,0,0,0,0,283231,
42,-42,-1300,31,-12,-1356,0,0,0,0,0,283487,
35,-31,-1315,25,-15,-1351,0,0,0,0,0,283231,
27,-11,-1341,24,-19,-1344,0,0,0,0,0,284001,
39,-23,-1341,27,-28,-1340,0,0,0,0,0,284001,
39,-23,-1334,31,-25,-1331,0,0,0,0,0,284001,
31,-3,-1339,36,-21,-1323,0,0,0,0,0,284257,
51,-114,-1251,30,-151,-1334,0,0,0,0,0,284514,
116,-1175,-1164,189,-734,-1541,0,0,0,0,0,284001,
2413,-1033,2039,1396,-1170,-2841,0,0,0,0,0,284514,
2453,-1114,1793,1936,-1141,2838,0,0,0,0,0,284514,
2336,-1247,1994,1961,-1212,2740,0,0,0,0,0,284257,
2326,-1423,2049,1875,-1323,2791,0,0,0,0,0,284514,
325,-1523,-2256,1726,-1454,2901,0,0,0,0,0,284771,
196,-1498,-2033,1404,-1475,-3108,0,0,0,0,0,285541,
135,-1504,-1969,1246,-1476,-2962,0,0,0,0,0,285541,
183,-1482,-2034,1247,-1480,-2971,0,0,0,0,0,285284,
209,-1483,-2068,1370,-1483,3136,0,0,0,0,0,285541,
34,-1509,-1873,1483,-1485,2958,0,0,0,0,0,285541,
112,-1532,-1928,1863,-1487,2276,0,0,0,0,0,285798,
69,-1514,-1926,2357,-1487,1707,0,0,0,0,0,286054,
-142,-1515,-1736,-2238,-1484,544,0,0,0,0,0,286311,
-258,-1528,-1587,-2036,-1480,363,0,0,0,0,0,286568,
-328,-1526,-1516,-1970,-1481,296,0,0,0,0,0,286568,
-2903,-1546,1148,-2053,-1482,374,0,0,0,0,0,286311,
39,-1546,-1857,-2101,-1484,427,0,0,0,0,0,287167,
-150,-1535,-1692,-2175,-1484,473,0,0,0,0,0,287937,
120,-1556,-1934,-2273,-1484,551,0,0,0,0,0,287937,
-119,-1547,-1710,-2106,-1484,408,0,0,0,0,0,287937,
-79,-1556,-1735,-2096,-1485,398,0,0,0,0,0,287937,
-231,-1542,-1604,-1871,-1484,197,0,0,0,0,0,287937,
-113,-1536,-1718,-1744,-1482,71,0,0,0,0,0,288708,
-224,-1526,-1626,-1595,-1480,-90,0,0,0,0,0,289221,
-186,-1525,-1663,-1544,-1478,-151,0,0,0,0,0,288964,
-265,-1530,-1578,-1516,-1479,-179,0,0,0,0,0,288708,
-324,-1516,-1545,-1468,-1479,-234,0,0,0,0,0,289478,
-229,-1536,-1608,-1410,-1480,-280,0,0,0,0,0,289735,
-390,-1514,-1479,-1336,-1481,-344,0,0,0,0,0,290249,
-228,-1536,-1609,-1367,-1482,-309,0,0,0,0,0,289735,
-196,-1547,-1629,-1447,-1482,-233,0,0,0,0,0,290249,
-120,-1558,-1686,-1553,-1482,-128,0,0,0,0,0,290762,
-406,-1525,-1458,-1604,-1482,-91,0,0,0,0,0,290249,
-237,-1545,-1601,-1636,-1480,-80,0,0,0,0,0,291276,
-160,-1552,-1678,-1770,-1479,30,0,0,0,0,0,291019,
-2726,-1526,941,-2024,-1473,243,0,0,0,0,0,290762,
-2834,-1536,1023,-2165,-1469,367,0,0,0,0,0,291533,
-2759,-1530,946,-2212,-1470,406,0,0,0,0,0,292389,
-2942,-1548,1110,-2265,-1472,453,0,0,0,0,0,291533,
-2834,-1529,1015,-2311,-1473,489,0,0,0,0,0,292389,
-2950,-1539,1111,-2326,-1471,498,0,0,0,0,0,292646,
-2865,-1537,1022,-2377,-1472,539,0,0,0,0,0,292903,
-2835,-1512,1024,-2348,-1473,510,0,0,0,0,0,293674,
-2841,-1531,1006,-2433,-1475,584,0,0,0,0,0,292903,
-2950,-1532,1110,-2557,-1477,693,0,0,0,0,0,293417,
-2972,-1512,1158,-2626,-1478,751,0,0,0,0,0,293674,
-3063,-1553,1189,-2718,-1479,828,0,0,0,0,0,294359,
-3102,-1550,1230,-2850,-1478,944,0,0,0,0,0,293931,
3102,-1550,1309,-2872,-1479,956,0,0,0,0,0,293931,
3067,-1530,1370,-2947,-1479,1020,0,0,0,0,0,294359,
3032,-1525,1410,3123,-1478,1213,0,0,0,0,0,294359,
3062,-1549,1338,2900,-1477,1417,0,0,0,0,0,294616,
2988,-1538,1423,2800,-1474,1520,0,0,0,0,0,294873,
3036,-1513,1401,2783,-1471,1549,0,0,0,0,0,295901,
2886,-1517,1532,2718,-1469,1610,0,0,0,0,0,295901,
2828,-1511,1599,2720,-1467,1613,0,0,0,0,0,295387,
2830,-1507,1598,2656,-1465,1675,0,0,0,0,0,296415,
2864,-1509,1565,2588,-1463,1745,0,0,0,0,0,295901,
2765,-1506,1660,2540,-1463,1791,0,0,0,0,0,296415,
2747,-1478,1721,2533,-1462,1801,0,0,0,0,0,295387,
2787,-1493,1658,2535,-1462,1798,0,0,0,0,0,295901,
2765,-1501,1667,2566,-1465,1752,0,0,0,0,0,296415,
2746,-1492,1702,2573,-1465,1747,0,0,0,0,0,296672,
2791,-1507,1636,2495,-1466,1821,0,0,0,0,0,296672,
2752,-1514,1669,2464,-1466,1850,0,0,0,0,0,297528,
2781,-1513,1629,2418,-1464,1897,0,0,0,0,0,297528,
2732,-1498,1706,2451,-1465,1864,0,0,0,0,0,297528,
2740,-1515,1676,2503,-1468,1802,0,0,0,0,0,297528,
2810,-1498,1639,2510,-1469,1796,0,0,0,0,0,298043,
2740,-1515,1694,2332,-1472,1952,0,0,0,0,0,298299,
2752,-1511,1697,2228,-1474,2046,0,0,0,0,0,298299,
2755,-1511,1719,2015,-1478,2241,0,0,0,0,0,299071,
2702,-1514,1776,1914,-1480,2325,0,0,0,0,0,299071,
2653,-1517,1823,1878,-1481,2352,0,0,0,0,0,298814,
2727,-1524,1744,1829,-1483,2379,0,0,0,0,0,299585,
2695,-1522,1778,1752,-1482,2474,0,0,0,0,0,299071,
2729,-1523,1741,1731,-1480,2515,0,0,0,0,0,299585,
2725,-1526,1738,1715,-1480,2528,0,0,0,0,0,300099,
2729,-1526,1732,1761,-1480,2478,0,0,0,0,0,300613,
2651,-1503,1825,2081,-1479,2164,0,0,0,0,0,300613,
2893,-1515,1540,2634,-1474,1659,0,0,0,0,0,301042,
3009,-1348,1410,3004,-1342,1366,0,0,0,0,0,301556,
3001,-1135,1173,2992,-1030,1352,0,0,0,0,0,300099,
2967,-385,1711,2977,-608,1368,0,0,0,0,0,301813,
2963,-519,1232,2999,-486,1306,0,0,0,0,0,301299,
3066,-402,1176,2983,-412,1258,0,0,0,0,0,302156,
2992,-333,1274,3001,-365,1205,0,0,0,0,0,301813,
3045,-325,1191,3030,-303,1213,0,0,0,0,0,301813,
3074,-144,1125,3047,-96,1211,0,0,0,0,0,302413,
3003,-74,1293,3023,-75,1216,0,0,0,0,0,302156,
3086,-51,1147,3005,-15,1221,0,0,0,0,0,302928,
-3094,-70,886,2989,28,1207,0,0,0,0,0,303956,
3005,21,1161,2955,62,1197,0,0,0,0,0,303956,
2943,97,1267,2962,67,1191,0,0,0,0,0,303956,
2952,65,1245,2956,70,1190,0,0,0,0,0,303699,
2970,94,1255,2955,83,1186,0,0,0,0,0,304471,
2958,105,1261,2955,90,1186,0,0,0,0,0,304728,
2955,115,1266,2953,97,1186,0,0,0,0,0,304728,
2963,111,1235,2950,108,1188,0,0,0,0,0,305242,
2951,115,1250,2943,107,1191,0,0,0,0,0,305757,
2937,124,1262,2943,106,1192,0,0,0,0,0,305499,
2947,103,1232,2947,102,1195,0,0,0,0,0,306014,
2932,110,1266,2941,96,1199,0,0,0,0,0,305242,
2955,112,1249,2939,106,1199,0,0,0,0,0,307129,
2957,110,1241,2941,103,1200,0,0,0,0,0,306271,
2951,115,1243,2938,106,1201,0,0,0,0,0,306014,
2952,114,1243,2939,109,1202,0,0,0,0,0,308158,
2952,102,1223,2944,105,1202,0,0,0,0,0,307643,
2959,107,1228,2941,106,1203,0,0,0,0,0,307643,
2948,130,1264,2937,116,1203,0,0,0,0,0,308158,
2927,134,1255,2935,129,1203,0,0,0,0,0,308158,
2946,174,1279,2933,155,1202,0,0,0,0,0,308587,
2947,193,1257,2939,185,1200,0,0,0,0,0,308587,
2936,196,1249,2941,194,1197,0,0,0,0,0,308587,
2936,215,1268,2943,198,1196,0,0,0,0,0,308844,
2933,202,1251,2938,190,1198,0,0,0,0,0,309359,
2908,93,1210,2932,95,1207,0,0,0,0,0,309873,
2958,23,1190,2935,28,1209,0,0,0,0,0,310388,
2944,-23,1231,2938,-41,1218,0,0,0,0,0,310645,
2951,-40,1234,2945,-46,1217,0,0,0,0,0,310645,
2950,-60,1203,2954,-49,1216,0,0,0,0,0,310902,
2950,-32,1247,2957,-40,1217,0,0,0,0,0,311160,
2967,-31,1213,2957,-23,1217,0,0,0,0,0,311675,
2954,-15,1206,2956,0,1218,0,0,0,0,0,311160,
2963,8,1210,2954,15,1220,0,0,0,0,0,312276,
2967,19,1217,2958,24,1219,0,0,0,0,0,312533,
2974,24,1213,2958,25,1218,0,0,0,0,0,312276,
2955,27,1236,2962,24,1217,0,0,0,0,0,312790,
2964,19,1217,2959,22,1216,0,0,0,0,0,313048,
2974,20,1219,2957,20,1217,0,0,0,0,0,313305,
2977,11,1201,2965,16,1213,0,0,0,0,0,313305,
2966,-4,1181,2961,16,1206,0,0,0,0,0,314077,
3001,23,1215,2973,9,1204,0,0,0,0,0,314335,
3003,7,1198,2968,4,1207,0,0,0,0,0,314850,
2984,-3,1203,2974,0,1206,0,0,0,0,0,314850,
2992,-3,1201,2979,-4,1206,0,0,0,0,0,315622,
2972,0,1223,2983,-3,1207,0,0,0,0,0,314850,
2997,-11,1193,2996,-4,1207,0,0,0,0,0,314850,
2999,-12,1198,3005,-1,1209,0,0,0,0,0,315364,
3026,0,1201,3013,3,1209,0,0,0,0,0,316394,
3044,-8,1170,3020,4,1210,0,0,0,0,0,316394,
3041,19,1228,3030,8,1209,0,0,0,0,0,316652,
3054,0,1179,3037,13,1210,0,0,0,0,0,317253,
3044,24,1226,3048,18,1207,0,0,0,0,0,317510,
3085,11,1178,3058,22,1206,0,0,0,0,0,318025,
3061,23,1218,3066,20,1205,0,0,0,0,0,318025,
3068,28,1224,3072,21,1202,0,0,0,0,0,317768,
3073,27,1221,3074,20,1201,0,0,0,0,0,318025,
3073,15,1199,3072,19,1201,0,0,0,0,0,317768,
3085,8,1179,3068,20,1201,0,0,0,0,0,318541,
3077,7,1176,3061,20,1200,0,0,0,0,0,318798,
3073,19,1193,3056,19,1200,0,0,0,0,0,319571,
3049,35,1236,3054,22,1200,0,0,0,0,0,320344,
3061,11,1187,3055,21,1198,0,0,0,0,0,320086,
3045,15,1202,3052,19,1198,0,0,0,0,0,320344,
3045,35,1234,3048,20,1198,0,0,0,0,0,320086,
3060,12,1181,3045,20,1197,0,0,0,0,0,321031,
3048,12,1178,3042,23,1197,0,0,0,0,0,320773,
3027,27,1216,3040,24,1197,0,0,0,0,0,321546,
3042,31,1212,3038,24,1197,0,0,0,0,0,321288,
3045,23,1197,3041,23,1196,0,0,0,0,0,321803,
3048,16,1186,3035,20,1197,0,0,0,0,0,321803,
3032,24,1206,3029,20,1199,0,0,0,0,0,322147,
3025,23,1209,3023,17,1199,0,0,0,0,0,321803,
3022,3,1176,3015,16,1200,0,0,0,0,0,322405,
3004,15,1211,3010,16,1203,0,0,0,0,0,323435,
3008,7,1200,3009,11,1204,0,0,0,0,0,323865,
3017,11,1201,3012,13,1204,0,0,0,0,0,323435,
3025,19,1207,3008,14,1205,0,0,0,0,0,324380,
3007,12,1204,3005,13,1204,0,0,0,0,0,324122,
3012,4,1198,3002,10,1205,0,0,0,0,0,323865,
3005,15,1218,3001,9,1205,0,0,0,0,0,324122,
3024,4,1188,3000,9,1204,0,0,0,0,0,323865,
2993,16,1234,3001,4,1204,0,0,0,0,0,324896,
3001,-3,1195,2992,1,1206,0,0,0,0,0,324896,
2991,-4,1199,2984,1,1209,0,0,0,0,0,324896,
3002,-19,1157,2987,2,1210,0,0,0,0,0,325153,
2997,0,1206,2987,1,1212,0,0,0,0,0,325411,
3025,0,1180,2992,1,1212,0,0,0,0,0,325411,
3016,3,1203,2997,2,1210,0,0,0,0,0,325926,
3009,3,1209,3004,0,1210,0,0,0,0,0,325926,
2965,-44,1160,3000,0,1209,0,0,0,0,0,326700,
3003,0,1205,2993,1,1210,0,0,0,0,0,326442,
3001,7,1222,2993,1,1211,0,0,0,0,0,326700,
2987,8,1227,2991,1,1211,0,0,0,0,0,327816,
3003,-4,1191,2988,3,1212,0,0,0,0,0,327301,
3011,0,1195,2992,2,1210,0,0,0,0,0,327559,
2990,15,1242,2993,0,1210,0,0,0,0,0,328074,
3004,-7,1188,2991,0,1210,0,0,0,0,0,328332,
2986,-11,1195,2987,0,1209,0,0,0,0,0,328590,
2999,-8,1193,2984,0,1209,0,0,0,0,0,327816,
2989,-15,1182,2983,0,1210,0,0,0,0,0,328848,
2992,3,1215,2987,2,1211,0,0,0,0,0,329621,
2993,11,1226,2991,5,1210,0,0,0,0,0,329621,
2981,11,1225,2984,4,1209,0,0,0,0,0,329106,
2999,-12,1167,2980,3,1209,0,0,0,0,0,329621,
2988,15,1231,2987,5,1209,0,0,0,0,0,329363,
3000,7,1207,2991,3,1208,0,0,0,0,0,329363,
3003,0,1201,2994,0,1206,0,0,0,0,0,329621,
3001,-11,1182,2994,0,1205,0,0,0,0,0,330395,
3012,-11,1167,2989,1,1207,0,0,0,0,0,330137,
2998,7,1218,2986,1,1208,0,0,0,0,0,330137,
2999,-16,1168,2987,0,1206,0,0,0,0,0,330395,
3000,-11,1179,2986,0,1205,0,0,0,0,0,330137,
3000,-8,1188,2989,-1,1205,0,0,0,0,0,331168,
3010,-11,1178,2991,-1,1204,0,0,0,0,0,329879,
2993,0,1212,2994,-3,1203,0,0,0,0,0,330652,
2993,0,1211,2992,-2,1203,0,0,0,0,0,330652,
2988,3,1219,2991,-2,1203,0,0,0,0,0,331426,
3001,3,1214,2989,-4,1202,0,0,0,0,0,331684,
2990,-19,1182,2988,-5,1202,0,0,0,0,0,331426,
3001,-15,1178,2990,-6,1201,0,0,0,0,0,331168,
3003,-7,1192,3000,-6,1199,0,0,0,0,0,332286,
3003,-8,1197,3006,-6,1198,0,0,0,0,0,331426,
3030,-11,1170,3011,-5,1200,0,0,0,0,0,331684,
3036,-8,1176,3022,0,1203,0,0,0,0,0,331684,
3041,23,1235,3041,8,1212,0,0,0,0,0,332286,
3084,20,1221,3064,7,1212,0,0,0,0,0,332802,
3102,7,1192,3089,10,1208,0,0,0,0,0,332802,
3083,-12,1175,3101,12,1204,0,0,0,0,0,333317,
3106,15,1212,3107,12,1202,0,0,0,0,0,331942,
3125,15,1198,3103,11,1201,0,0,0,0,0,333575,
3109,0,1180,3100,9,1200,0,0,0,0,0,333060,
3105,0,1187,3092,4,1198,0,0,0,0,0,333833,
3089,-15,1172,3088,0,1198,0,0,0,0,0,333060,
3094,7,1208,3088,0,1196,0,0,0,0,0,333060,
3093,4,1203,3088,0,1195,0,0,0,0,0,333833,
3093,-7,1181,3086,0,1194,0,0,0,0,0,333833,
3089,-7,1179,3082,0,1195,0,0,0,0,0,333833,
3068,12,1223,3077,-1,1194,0,0,0,0,0,334349,
3076,-8,1178,3064,-2,1196,0,0,0,0,0,334865,
3074,-15,1160,3060,-3,1196,0,0,0,0,0,334607,
3058,4,1210,3065,-3,1194,0,0,0,0,0,334607,
3066,-3,1194,3076,0,1195,0,0,0,0,0,334607,
3068,12,1221,3077,1,1195,0,0,0,0,0,335381,
3085,-8,1171,3080,1,1193,0,0,0,0,0,334607,
3097,-12,1154,3078,1,1193,0,0,0,0,0,335897,
3089,15,1209,3083,4,1194,0,0,0,0,0,335381,
3098,43,1245,3089,19,1196,0,0,0,0,0,336069,
3086,100,1286,3092,86,1200,0,0,0,0,0,335897,
3066,305,1390,3085,275,1222,0,0,0,0,0,335897,
3128,398,1289,3076,423,1233,0,0,0,0,0,336069,
3047,530,1338,3042,537,1211,0,0,0,0,0,336069,
-3124,862,1649,-3112,825,1316,0,0,0,0,0,336327,
-3063,842,1310,-3039,962,1371,0,0,0,0,0,336327,
-2883,1140,1897,-2979,1101,1462,0,0,0,0,0,335897,
-2865,1454,2156,-2716,1290,1730,0,0,0,0,0,336327,
-904,1440,-2093,-2118,1418,2292,0,0,0,0,0,336327,
-848,1442,-2145,-1806,1437,2593,0,0,0,0,0,336843,
-503,1427,-1814,-1419,1442,2991,0,0,0,0,0,336843,
-477,1395,-1847,-929,1430,-2771,0,0,0,0,0,336843,
-396,1427,-1793,-992,1444,-2825,0,0,0,0,0,337445,
-454,1427,-1829,-1089,1449,-2913,0,0,0,0,0,337187,
-389,1423,-1755,-1082,1443,-2889,0,0,0,0,0,337187,
-488,1413,-1863,-1010,1437,-2800,0,0,0,0,0,337187,
-419,1390,-1772,-918,1425,-2685,0,0,0,0,0,336843,
-416,1342,-1760,-679,1392,-2421,0,0,0,0,0,337445,
-378,1317,-1720,-552,1368,-2273,0,0,0,0,0,337961,
-251,1291,-1592,-455,1345,-2160,0,0,0,0,0,336585,
-280,1299,-1652,-417,1341,-2103,0,0,0,0,0,337445,
-257,1267,-1580,-389,1332,-2058,0,0,0,0,0,337445,
-286,1289,-1614,-389,1345,-2034,0,0,0,0,0,338219,
-402,1375,-1697,-687,1431,-2321,0,0,0,0,0,337445,
-620,1464,-1985,-1480,1463,3121,0,0,0,0,0,337445,
-626,1498,-1950,-2136,1450,2468,0,0,0,0,0,337703,
-2656,1478,2092,-2405,1430,2214,0,0,0,0,0,337961,
-2601,1485,2209,-2479,1422,2152,0,0,0,0,0,336585,
-2556,1466,2228,-2463,1426,2176,0,0,0,0,0,337445,
-2557,1476,2243,-2466,1425,2179,0,0,0,0,0,337445,
-2661,1484,2159,-2548,1419,2109,0,0,0,0,0,337445,
-2693,1437,2082,-2655,1402,2018,0,0,0,0,0,336585,
-2799,1423,1973,-2727,1393,1960,0,0,0,0,0,337961,
-2785,1417,2012,-2775,1380,1926,0,0,0,0,0,337445,
-2839,1381,1921,-2845,1367,1871,0,0,0,0,0,337703,
-2930,1386,1851,-2917,1365,1808,0,0,0,0,0,337445,
-2944,1371,1818,-2964,1361,1773,0,0,0,0,0,337961,
-3006,1389,1805,-3025,1361,1724,0,0,0,0,0,338219,
-3081,1398,1759,-3112,1360,1651,0,0,0,0,0,337445,
3033,1411,1589,2985,1378,1469,0,0,0,0,0,337445,
2770,1422,1345,2690,1389,1198,0,0,0,0,0,337703,
2704,1408,1228,2526,1391,1053,0,0,0,0,0,337961,
2491,1416,1046,2382,1392,923,0,0,0,0,0,337961,
2386,1416,928,2180,1394,736,0,0,0,0,0,337961,
2354,1420,900,2099,1395,666,0,0,0,0,0,338219,
2411,1435,940,1991,1395,567,0,0,0,0,0,337961,
2253,1419,773,1908,1394,493,0,0,0,0,0,337445,
2093,1398,593,1770,1387,368,0,0,0,0,0,338219,
2138,1415,635,1698,1387,307,0,0,0,0,0,337961,
2161,1419,643,1647,1393,261,0,0,0,0,0,337445,
973,1424,-214,1540,1397,162,0,0,0,0,0,338477,
967,1420,-239,1470,1398,102,0,0,0,0,0,337961,
905,1441,-314,1409,1404,48,0,0,0,0,0,338219,
870,1448,-372,1337,1414,-16,0,0,0,0,0,337961,
838,1456,-431,1235,1424,-116,0,0,0,0,0,337961,
723,1459,-563,1042,1439,-296,0,0,0,0,0,338477,
447,1473,-845,795,1447,-529,0,0,0,0,0,337961,
374,1483,-953,618,1449,-700,0,0,0,0,0,339251,
287,1470,-1022,520,1448,-793,0,0,0,0,0,338735,
263,1476,-1067,399,1448,-913,0,0,0,0,0,338993,
262,1476,-1087,319,1447,-993,0,0,0,0,0,338993,
186,1486,-1179,306,1446,-1005,0,0,0,0,0,338477,
181,1483,-1191,241,1445,-1074,0,0,0,0,0,338993,
93,1489,-1302,211,1440,-1108,0,0,0,0,0,338477,
81,1462,-1289,169,1427,-1153,0,0,0,0,0,338993,
231,1448,-1150,120,1419,-1205,0,0,0,0,0,338993,
67,1423,-1274,93,1407,-1232,0,0,0,0,0,338735,
69,1431,-1308,117,1398,-1207,0,0,0,0,0,338477,
199,1391,-1122,136,1394,-1189,0,0,0,0,0,337961,
110,1414,-1247,120,1390,-1195,0,0,0,0,0,338993,
-46,1430,-1423,101,1395,-1210,0,0,0,0,0,337961,
153,1414,-1186,85,1406,-1216,0,0,0,0,0,337961,
95,1499,-1349,66,1447,-1218,0,0,0,0,0,338993,
-3030,1533,1742,-2219,1486,2482,0,0,0,0,0,338477,
-3092,1443,1683,-2938,1438,1971,0,0,0,0,0,338993,
-3028,1426,1787,-2999,1420,1918,0,0,0,0,0,338993,
-3082,1395,1692,-3047,1407,1873,0,0,0,0,0,338993,
3141,1384,1645,-3061,1395,1865,0,0,0,0,0,338993,
-2986,1386,1821,-2965,1391,1958,0,0,0,0,0,339251,
-2777,1362,1998,-2668,1385,2257,0,0,0,0,0,338993,
-2486,1379,2331,-2268,1384,2666,0,0,0,0,0,339251,
-2267,1412,2530,-1748,1398,-3091,0,0,0,0,0,339509,
-887,1398,-2115,-1189,1383,-2516,0,0,0,0,0,339509,
-916,1392,-2260,-906,1363,-2224,0,0,0,0,0,340025,
-699,1354,-2010,-687,1343,-2000,0,0,0,0,0,338735,
-574,1366,-1944,-568,1330,-1878,0,0,0,0,0,339509,
-452,1339,-1776,-453,1327,-1753,0,0,0,0,0,339251,
-384,1364,-1722,-323,1347,-1614,0,0,0,0,0,339509,
-168,1406,-1537,-132,1374,-1411,0,0,0,0,0,339251,
154,1411,-1221,53,1373,-1210,0,0,0,0,0,339509,
326,1378,-1005,243,1361,-1005,0,0,0,0,0,339251,
515,1379,-820,443,1361,-798,0,0,0,0,0,339509,
653,1392,-693,631,1354,-608,0,0,0,0,0,340025,
762,1376,-528,907,1334,-319,0,0,0,0,0,339509,
931,1221,-254,1051,1272,-162,0,0,0,0,0,339251,
1079,1223,-177,1101,1216,-107,0,0,0,0,0,338993,
1158,1189,-128,1135,1179,-72,0,0,0,0,0,339767,
1164,1158,-103,1162,1164,-45,0,0,0,0,0,339509,
1134,1216,-128,1132,1204,-74,0,0,0,0,0,339509,
1039,1236,-211,1021,1261,-181,0,0,0,0,0,339509,
398,1411,-842,516,1367,-673,0,0,0,0,0,339251,
-912,1357,-2146,-802,1349,-2006,0,0,0,0,0,339251,
-995,1259,-2261,-1015,1211,-2208,0,0,0,0,0,339251,
-972,1191,-2211,-961,1172,-2162,0,0,0,0,0,340025,
-987,1162,-2233,-987,1147,-2200,0,0,0,0,0,340025,
-950,1210,-2229,-965,1193,-2200,0,0,0,0,0,339509,
-867,1354,-2231,-790,1323,-2062,0,0,0,0,0,340283,
-464,1443,-1856,-416,1399,-1685,0,0,0,0,0,339767,
111,1463,-1312,-153,1403,-1404,0,0,0,0,0,340283,
68,1423,-1274,-90,1402,-1338,0,0,0,0,0,340283,
-103,1455,-1491,-110,1405,-1359,0,0,0,0,0,341058,
-53,1457,-1444,-112,1408,-1360,0,0,0,0,0,340542,
23,1433,-1314,-96,1412,-1345,0,0,0,0,0,340542,
-70,1428,-1385,-91,1408,-1339,0,0,0,0,0,340283,
-73,1442,-1440,-30,1395,-1272,0,0,0,0,0,340800,
0,1424,-1334,-13,1396,-1257,0,0,0,0,0,340800,
74,1448,-1303,-60,1400,-1304,0,0,0,0,0,341058,
0,1442,-1352,-46,1410,-1298,0,0,0,0,0,341574,
91,1486,-1336,-7,1421,-1254,0,0,0,0,0,340542,
115,1473,-1264,24,1427,-1217,0,0,0,0,0,340542,
114,1473,-1252,49,1430,-1188,0,0,0,0,0,340542,
0,1478,-1365,86,1430,-1149,0,0,0,0,0,341574,
149,1480,-1235,56,1430,-1178,0,0,0,0,0,341058,
62,1489,-1325,34,1431,-1204,0,0,0,0,0,341316,
177,1480,-1201,57,1434,-1183,0,0,0,0,0,341574,
-30,1482,-1397,27,1434,-1207,0,0,0,0,0,341574,
61,1486,-1315,34,1433,-1195,0,0,0,0,0,341058,
31,1490,-1347,88,1435,-1142,0,0,0,0,0,340542,
175,1475,-1181,85,1435,-1146,0,0,0,0,0,341574,
162,1495,-1231,119,1436,-1113,0,0,0,0,0,342176,
188,1491,-1194,104,1438,-1132,0,0,0,0,0,341058,
161,1495,-1222,122,1441,-1110,0,0,0,0,0,342176,
219,1489,-1152,171,1441,-1060,0,0,0,0,0,342435,
151,1485,-1196,217,1443,-1012,0,0,0,0,0,342435,
249,1488,-1108,262,1442,-969,0,0,0,0,0,341832,
314,1488,-1040,279,1442,-950,0,0,0,0,0,342176,
304,1504,-1082,278,1443,-953,0,0,0,0,0,342176,
232,1500,-1139,279,1444,-954,0,0,0,0,0,342435,
318,1492,-1041,323,1445,-907,0,0,0,0,0,342692,
298,1501,-1063,371,1447,-860,0,0,0,0,0,342692,
419,1508,-960,413,1446,-818,0,0,0,0,0,342435,
384,1490,-956,428,1448,-801,0,0,0,0,0,342951,
365,1499,-981,430,1450,-799,0,0,0,0,0,342951,
351,1511,-1007,453,1456,-770,0,0,0,0,0,342692,
353,1510,-984,546,1459,-675,0,0,0,0,0,342176,
384,1508,-947,589,1459,-631,0,0,0,0,0,342951,
415,1509,-910,648,1459,-573,0,0,0,0,0,343209,
491,1511,-836,706,1459,-516,0,0,0,0,0,342435,
458,1509,-864,705,1459,-516,0,0,0,0,0,342951,
299,1531,-1047,698,1462,-525,0,0,0,0,0,342692,
502,1509,-816,701,1463,-521,0,0,0,0,0,342951,
499,1511,-825,692,1463,-529,0,0,0,0,0,343209,
504,1514,-825,704,1463,-521,0,0,0,0,0,343467,
504,1511,-813,760,1461,-467,0,0,0,0,0,343467,
565,1504,-743,769,1462,-455,0,0,0,0,0,344242,
445,1502,-847,747,1463,-478,0,0,0,0,0,343725,
315,1514,-1002,615,1465,-603,0,0,0,0,0,343725,
392,1513,-923,624,1465,-594,0,0,0,0,0,343983,
401,1518,-920,673,1465,-546,0,0,0,0,0,344242,
410,1523,-930,676,1465,-543,0,0,0,0,0,344500,
443,1521,-889,721,1465,-499,0,0,0,0,0,344242,
560,1503,-751,737,1464,-485,0,0,0,0,0,344242,
412,1526,-923,738,1467,-492,0,0,0,0,0,343983,
409,1522,-920,744,1467,-487,0,0,0,0,0,344500,
441,1516,-878,782,1466,-449,0,0,0,0,0,343725,
472,1518,-853,780,1467,-451,0,0,0,0,0,344758,
537,1508,-771,814,1466,-418,0,0,0,0,0,343725,
473,1516,-841,822,1466,-411,0,0,0,0,0,344758,
463,1511,-841,833,1467,-403,0,0,0,0,0,344500,
502,1511,-805,830,1468,-406,0,0,0,0,0,345447,
435,1517,-874,868,1467,-370,0,0,0,0,0,344758,
478,1518,-833,909,1467,-330,0,0,0,0,0,344500,
509,1514,-792,935,1466,-307,0,0,0,0,0,344242,
536,1509,-761,952,1466,-292,0,0,0,0,0,344758,
443,1520,-859,957,1467,-286,0,0,0,0,0,344758,
514,1513,-783,953,1468,-291,0,0,0,0,0,345188,
504,1511,-794,924,1469,-321,0,0,0,0,0,345188,
495,1510,-798,984,1467,-267,0,0,0,0,0,345447,
539,1510,-751,1022,1466,-228,0,0,0,0,0,345447,
494,1508,-773,1067,1462,-175,0,0,0,0,0,345188,
596,1502,-660,1096,1461,-141,0,0,0,0,0,345188,
565,1507,-667,1278,1462,39,0,0,0,0,0,345188,
2447,1487,975,1442,1459,199,0,0,0,0,0,345705,
2336,1466,854,1483,1453,238,0,0,0,0,0,346480,
2356,1468,890,1543,1443,297,0,0,0,0,0,345447,
2329,1463,869,1553,1438,308,0,0,0,0,0,345705,
2378,1461,904,1548,1437,299,0,0,0,0,0,345705,
2411,1479,962,1527,1438,274,0,0,0,0,0,346221,
2407,1480,950,1515,1444,252,0,0,0,0,0,345963,
2419,1475,934,1512,1449,240,0,0,0,0,0,345963,
2521,1499,1062,1484,1452,209,0,0,0,0,0,345963,
2421,1473,912,1425,1452,154,0,0,0,0,0,346221,
2415,1480,912,1434,1449,162,0,0,0,0,0,345447,
2377,1474,873,1480,1446,205,0,0,0,0,0,345963,
2420,1455,906,1662,1439,362,0,0,0,0,0,346738,
2306,1445,814,1746,1437,437,0,0,0,0,0,346480,
2375,1469,924,1716,1436,427,0,0,0,0,0,345705,
2343,1450,868,1704,1436,419,0,0,0,0,0,346480,
2349,1462,881,1659,1436,377,0,0,0,0,0,345963,
2377,1451,886,1662,1436,379,0,0,0,0,0,345447,
2368,1461,903,1671,1437,388,0,0,0,0,0,346480,
918,1433,-197,1782,1430,526,0,0,0,0,0,346738,
2309,1455,867,1685,1435,412,0,0,0,0,0,346738,
2455,1340,790,1716,1433,443,0,0,0,0,0,346480,
2334,1456,893,1695,1435,422,0,0,0,0,0,346480,
2439,1471,999,1733,1436,449,0,0,0,0,0,346480,
2414,1474,991,1713,1432,437,0,0,0,0,0,346221,
2593,1260,773,1736,1434,454,0,0,0,0,0,346480,
2267,1445,810,1704,1431,424,0,0,0,0,0,346480,
2346,1468,916,1652,1427,382,0,0,0,0,0,346738,
2467,1490,942,1034,1434,-221,0,0,0,0,0,346480,
499,1413,-746,638,1378,-623,0,0,0,0,0,346996,
306,1133,-913,246,1120,-1039,0,0,0,0,0,346738,
93,755,-1108,158,710,-1184,0,0,0,0,0,346738,
57,195,-1230,96,241,-1330,0,0,0,0,0,346738,
106,-86,-1415,86,-56,-1380,0,0,0,0,0,346996,
70,-135,-1566,113,-177,-1393,0,0,0,0,0,346738,
3,-117,-1578,128,-195,-1346,0,0,0,0,0,346996,
100,-122,-1437,103,-159,-1312,0,0,0,0,0,346738,
81,-48,-1271,78,-43,-1245,0,0,0,0,0,347341,
101,191,-1326,97,100,-1193,0,0,0,0,0,347599,
170,177,-1228,120,158,-1201,0,0,0,0,0,347599,
133,56,-1230,118,70,-1242,0,0,0,0,0,346996,
86,-34,-1282,105,-4,-1311,0,0,0,0,0,347341,
137,-62,-1290,119,-34,-1308,0,0,0,0,0,348115,
85,-28,-1372,93,-45,-1327,0,0,0,0,0,347599,
88,-63,-1361,69,-66,-1335,0,0,0,0,0,348115,
53,-81,-1347,53,-73,-1339,0,0,0,0,0,348115,
47,-70,-1376,46,-79,-1343,0,0,0,0,0,348373,
52,-83,-1379,40,-96,-1349,0,0,0,0,0,347857,
40,-123,-1360,33,-113,-1354,0,0,0,0,0,348632,
19,-139,-1374,24,-149,-1368,0,0,0,0,0,348115,
20,-178,-1428,16,-193,-1380,0,0,0,0,0,348890,
0,-197,-1441,5,-216,-1394,0,0,0,0,0,348890,
-19,-237,-1425,-11,-242,-1400,0,0,0,0,0,349149,
-20,-229,-1474,-12,-249,-1404,0,0,0,0,0,348890,
-15,-203,-1463,-12,-210,-1404,0,0,0,0,0,349149,
-15,-106,-1427,-9,-120,-1394,0,0,0,0,0,349665,
-15,-39,-1417,-8,-58,-1387,0,0,0,0,0,349149,
11,-23,-1354,10,-22,-1375,0,0,0,0,0,349665,
44,8,-1366,25,4,-1367,0,0,0,0,0,349665,
39,23,-1357,43,21,-1366,0,0,0,0,0,348890,
75,41,-1336,63,48,-1358,0,0,0,0,0,350182,
61,38,-1293,71,53,-1356,0,0,0,0,0,349665,
63,35,-1296,75,50,-1355,0,0,0,0,0,349924,
70,-11,-1281,74,25,-1359,0,0,0,0,0,350698,
69,-20,-1317,67,0,-1368,0,0,0,0,0,349665,
60,-35,-1378,61,-33,-1377,0,0,0,0,0,350440,
82,-43,-1386,62,-41,-1377,0,0,0,0,0,349665,
73,-36,-1377,63,-36,-1377,0,0,0,0,0,349924,
58,-39,-1387,64,-45,-1381,0,0,0,0,0,349924,
64,-43,-1374,65,-42,-1377,0,0,0,0,0,350182,
61,-40,-1372,64,-39,-1378,0,0,0,0,0,349149,
51,-58,-1369,55,-53,-1382,0,0,0,0,0,349924,
52,-71,-1378,48,-65,-1383,0,0,0,0,0,349924,
44,-64,-1378,45,-62,-1386,0,0,0,0,0,350182,
36,-68,-1379,44,-67,-1387,0,0,0,0,0,349924,
47,-63,-1397,39,-66,-1387,0,0,0,0,0,349665,
39,-65,-1381,41,-67,-1388,0,0,0,0,0,349407,
23,-77,-1395,29,-79,-1396,0,0,0,0,0,349407,
35,-79,-1407,22,-82,-1399,0,0,0,0,0,350182,
23,-87,-1403,23,-86,-1400,0,0,0,0,0,350182,
36,-81,-1425,22,-88,-1403,0,0,0,0,0,349665,
36,-77,-1413,40,-84,-1403,0,0,0,0,0,349149,
57,-85,-1384,62,-78,-1399,0,0,0,0,0,349407,
68,-75,-1389,77,-73,-1398,0,0,0,0,0,349149,
75,-51,-1393,88,-56,-1392,0,0,0,0,0,349407,
97,-54,-1363,96,-43,-1390,0,0,0,0,0,349924,
113,-28,-1372,99,-27,-1384,0,0,0,0,0,349924,
97,-15,-1368,97,-16,-1381,0,0,0,0,0,350182,
94,-15,-1345,96,-5,-1378,0,0,0,0,0,349924,
96,-16,-1329,91,0,-1374,0,0,0,0,0,350182,
84,-3,-1327,81,11,-1373,0,0,0,0,0,349924,
70,15,-1341,71,12,-1371,0,0,0,0,0,350871,
80,0,-1342,67,9,-1370,0,0,0,0,0,350182,
50,11,-1341,67,10,-1368,0,0,0,0,0,350440,
67,-19,-1307,68,4,-1365,0,0,0,0,0,350182,
75,-7,-1331,70,6,-1361,0,0,0,0,0,349924,
51,-15,-1313,69,0,-1362,0,0,0,0,0,350182,
79,0,-1357,66,-2,-1362,0,0,0,0,0,350698,
72,-8,-1342,67,-1,-1363,0,0,0,0,0,350182,
71,-19,-1321,72,-3,-1361,0,0,0,0,0,349924,
82,-15,-1336,78,-5,-1360,0,0,0,0,0,350182,
81,0,-1358,81,-3,-1359,0,0,0,0,0,350698,
83,-11,-1335,82,-5,-1356,0,0,0,0,0,351129,
88,8,-1359,84,-2,-1357,0,0,0,0,0,350698,
94,-7,-1338,78,-2,-1356,0,0,0,0,0,350440,
91,-15,-1332,76,-4,-1355,0,0,0,0,0,350182,
86,-3,-1347,70,-6,-1356,0,0,0,0,0,350440,
71,-11,-1338,73,-6,-1357,0,0,0,0,0,350698,
67,-3,-1331,81,-2,-1352,0,0,0,0,0,350698,
69,-24,-1312,73,-9,-1350,0,0,0,0,0,350698,
83,-15,-1344,69,-11,-1353,0,0,0,0,0,350698,
63,-7,-1348,72,-10,-1353,0,0,0,0,0,350871,
55,-15,-1325,74,-9,-1353,0,0,0,0,0,350871,
82,-3,-1356,76,-8,-1351,0,0,0,0,0,350871,
89,0,-1358,85,-7,-1352,0,0,0,0,0,350698,
87,-7,-1355,88,-13,-1351,0,0,0,0,0,350182,
96,-15,-1342,87,-12,-1353,0,0,0,0,0,350698,
97,-12,-1353,84,-14,-1354,0,0,0,0,0,351129,
70,-19,-1329,89,-12,-1353,0,0,0,0,0,351129,
89,8,-1369,91,-7,-1353,0,0,0,0,0,351129,
86,-16,-1322,102,-9,-1350,0,0,0,0,0,351129,
116,-35,-1299,106,-8,-1346,0,0,0,0,0,351129,
104,-26,-1307,99,-8,-1347,0,0,0,0,0,351129,
99,11,-1376,94,-7,-1351,0,0,0,0,0,351388,
84,-11,-1330,90,-6,-1350,0,0,0,0,0,351646,
79,-19,-1314,88,-7,-1348,0,0,0,0,0,351646,
84,-7,-1332,88,-6,-1347,0,0,0,0,0,352163,
108,15,-1379,87,-2,-1347,0,0,0,0,0,351129,
107,0,-1346,93,-3,-1345,0,0,0,0,0,351646,
91,-11,-1314,102,-3,-1343,0,0,0,0,0,351129,
103,0,-1340,103,-3,-1339,0,0,0,0,0,351129,
121,4,-1345,108,-1,-1334,0,0,0,0,0,351646,
134,3,-1349,108,-1,-1335,0,0,0,0,0,351646,
111,3,-1334,111,0,-1335,0,0,0,0,0,351646,
114,7,-1336,116,1,-1333,0,0,0,0,0,350698,
122,0,-1329,114,0,-1334,0,0,0,0,0,351129,
115,-7,-1321,113,-2,-1335,0,0,0,0,0,351646,
108,-8,-1313,118,-1,-1332,0,0,0,0,0,351904,
127,0,-1330,119,-1,-1333,0,0,0,0,0,352163,
109,-3,-1317,122,-1,-1332,0,0,0,0,0,351646,
118,0,-1322,123,1,-1331,0,0,0,0,0,351646,
124,11,-1338,123,1,-1332,0,0,0,0,0,351646,
127,3,-1335,114,1,-1332,0,0,0,0,0,351904,
110,-7,-1306,116,3,-1330,0,0,0,0,0,351904,
122,7,-1319,124,5,-1328,0,0,0,0,0,352163,
126,16,-1315,128,12,-1325,0,0,0,0,0,352163,
122,11,-1318,127,10,-1326,0,0,0,0,0,352163,
127,7,-1315,133,9,-1325,0,0,0,0,0,351904,
139,20,-1338,129,10,-1325,0,0,0,0,0,351904,
123,7,-1322,130,7,-1326,0,0,0,0,0,352163,
143,11,-1334,134,5,-1325,0,0,0,0,0,352163,
127,-3,-1310,132,4,-1326,0,0,0,0,0,351646,
124,7,-1325,131,5,-1326,0,0,0,0,0,352766,
142,3,-1333,126,3,-1327,0,0,0,0,0,352766,
123,0,-1332,124,0,-1332,0,0,0,0,0,351904,
124,0,-1334,122,0,-1332,0,0,0,0,0,352507,
124,0,-1327,127,0,-1332,0,0,0,0,0,352163,
113,0,-1323,128,0,-1332,0,0,0,0,0,353282,
135,-16,-1305,130,0,-1330,0,0,0,0,0,353024,
149,12,-1350,128,0,-1330,0,0,0,0,0,352766,
124,-15,-1304,126,-1,-1331,0,0,0,0,0,352766,
116,-3,-1322,121,0,-1331,0,0,0,0,0,352766,
121,4,-1338,118,0,-1331,0,0,0,0,0,353282,
134,-19,-1303,120,1,-1328,0,0,0,0,0,353282,
102,-3,-1295,121,5,-1326,0,0,0,0,0,352766,
119,-7,-1300,119,5,-1323,0,0,0,0,0,352766,
121,16,-1338,117,8,-1322,0,0,0,0,0,353541,
115,15,-1328,114,9,-1323,0,0,0,0,0,353282,
111,7,-1325,105,8,-1323,0,0,0,0,0,353024,
115,11,-1331,102,9,-1322,0,0,0,0,0,353024,
97,0,-1301,105,8,-1319,0,0,0,0,0,353541,
111,3,-1312,106,8,-1320,0,0,0,0,0,353282,
104,11,-1327,104,9,-1324,0,0,0,0,0,352766,
102,15,-1332,107,8,-1323,0,0,0,0,0,354316,
124,11,-1340,108,6,-1327,0,0,0,0,0,353799,
104,7,-1329,110,6,-1328,0,0,0,0,0,353541,
133,8,-1331,118,5,-1324,0,0,0,0,0,353799,
124,15,-1335,126,7,-1330,0,0,0,0,0,353541,
122,7,-1325,126,6,-1329,0,0,0,0,0,353541,
128,0,-1315,127,6,-1328,0,0,0,0,0,353799,
116,0,-1310,124,6,-1329,0,0,0,0,0,353541,
126,7,-1330,121,8,-1331,0,0,0,0,0,354833,
129,3,-1321,125,11,-1329,0,0,0,0,0,353541,
133,16,-1319,126,24,-1323,0,0,0,0,0,354058,
216,120,-1412,95,69,-1312,0,0,0,0,0,353799,
-1836,254,66,230,478,-1280,0,0,0,0,0,353799,
-685,775,-693,424,742,-1191,0,0,0,0,0,354574,
-2516,1006,1456,706,1357,-835,0,0,0,0,0,353282,
-2809,1188,1556,2069,1414,554,0,0,0,0,0,354058,
-2778,1006,1329,3048,1260,1486,0,0,0,0,0,354316,
-2851,963,1234,-3096,1140,1595,0,0,0,0,0,353799,
-2884,938,1216,-3042,1057,1614,0,0,0,0,0,353541,
-2913,849,1081,-3007,992,1613,0,0,0,0,0,354316,
-2896,856,1118,-2992,958,1603,0,0,0,0,0,353799,
-2911,819,1057,-2989,924,1576,0,0,0,0,0,353799,
-2914,797,1044,-2990,895,1546,0,0,0,0,0,353799,
-2936,777,1021,-2996,866,1511,0,0,0,0,0,354058,
-2912,760,1010,-2999,846,1485,0,0,0,0,0,354058,
-2956,682,907,-2996,805,1450,0,0,0,0,0,354833,
-2949,644,870,-2995,777,1420,0,0,0,0,0,354574,
-2945,682,952,-2997,750,1387,0,0,0,0,0,353799,
-2925,648,907,-2998,729,1360,0,0,0,0,0,354316,
-2936,638,910,-3000,702,1326,0,0,0,0,0,354316,
-2973,600,887,-3003,675,1292,0,0,0,0,0,354574,
-2955,597,889,-3004,653,1264,0,0,0,0,0,354316,
-2942,584,869,-3006,637,1237,0,0,0,0,0,354316,
-2944,553,836,-3008,615,1208,0,0,0,0,0,354058,
-2913,531,793,-3008,600,1186,0,0,0,0,0,353799,
-2928,520,801,-3008,580,1160,0,0,0,0,0,354058,
-2946,512,810,-3008,562,1135,0,0,0,0,0,354316,
-2938,492,785,-3007,546,1111,0,0,0,0,0,354058,
-2954,477,780,-3006,533,1090,0,0,0,0,0,354316,
-2932,485,785,-3006,520,1070,0,0,0,0,0,354574,
-2932,474,774,-3004,508,1051,0,0,0,0,0,354058,
-2958,470,799,-3003,495,1031,0,0,0,0,0,353799,
-2944,450,769,-3000,482,1012,0,0,0,0,0,354833,
-2913,445,737,-2996,466,990,0,0,0,0,0,353541,
-2959,438,780,-2998,449,967,0,0,0,0,0,353541,
